Precision,Recall,mAP@0.5,mAP@0.5:0.95
0.9002649176592501,0.7776,0.8598813029098997,0.48153598925300695
