Precision,Recall,mAP@0.5,mAP@0.5:0.95,F1 Score
0.9428782803720505,0.8958599064549103,0.9517399798691648,0.6507737531199974,0.9187679399970642
