Precision,Recall,mAP@0.5,mAP@0.5:0.95,F1 Score
0.9660388496044637,0.9095446038677479,0.9617595748668966,0.6918633526433952,0.9369408982124665
