Precision,Recall,mAP@0.5,mAP@0.5:0.95
0.8509346681975541,0.7854853738566236,0.8372044576643367,0.45784814160061416
