Precision,Recall,mAP@0.5,mAP@0.5:0.95
0.8808485345222881,0.7568,0.8529449402439933,0.5126356422523448
