Precision,Recall,mAP@0.5,mAP@0.5:0.95,F1 Score
0.9565103164858382,0.9192734934051083,0.9616571582175585,0.6896625378133152,0.9375223045187518
